[
    {
        "Email": "dfvrm@tohru.org",
        "Password": "lid2pyba"
    },
    {
        "Email": "06gqb@tohru.org",
        "Password": "pzu6z1ct"
    },
    {
        "Email": "mhr8o@tohru.org",
        "Password": "yp3xkg7p"
    },
    {
        "Email": "z732h@tohru.org",
        "Password": "emzp0awl"
    },
    {
        "Email": "s7jl1@tohru.org",
        "Password": "4pip6cys"
    },
    {
        "Email": "gjx41@tohru.org",
        "Password": "ufe9yke7"
    },
    {
        "Email": "8ocve@tohru.org",
        "Password": "3k0m0lt0"
    },
    {
        "Email": "xztvg@tohru.org",
        "Password": "e4kegbdt"
    },
    {
        "Email": "8hfot@tohru.org",
        "Password": "013q1q89"
    },
    {
        "Email": "ry4gy@tohru.org",
        "Password": "aygcq5cg"
    },
    {
        "Email": "ow80a@tohru.org",
        "Password": "pnqyn7g3"
    },
    {
        "Email": "4bcsw@tohru.org",
        "Password": "wqe3mbv6"
    },
    {
        "Email": "3a5xv@tohru.org",
        "Password": "80pfc9vr"
    },
    {
        "Email": "95xrr@tohru.org",
        "Password": "ld5x0bmc"
    },
    {
        "Email": "s3y7e@tohru.org",
        "Password": "vesf9f9y"
    },
    {
        "Email": "d84u2@tohru.org",
        "Password": "g4y7yc15"
    },
    {
        "Email": "3eb4n@tohru.org",
        "Password": "osol88ww"
    },
    {
        "Email": "ux9ri@tohru.org",
        "Password": "5bn0zolz"
    },
    {
        "Email": "sddbq@tohru.org",
        "Password": "u6hf3u5r"
    },
    {
        "Email": "97vep@tohru.org",
        "Password": "1fvauglm"
    },
    {
        "Email": "uqsls@tohru.org",
        "Password": "kcg7lyrz"
    },
    {
        "Email": "dzfdp@tohru.org",
        "Password": "twden8tg"
    },
    {
        "Email": "gawco001@gmail.com",
        "Password": "verdiansyah30"
    },
    {
        "Email": "gawco002@gmail.com",
        "Password": "verdiansyah30"
    },
    {
        "Email": "prrprwt@gmail.com",
        "Password": "verdiansyah30"
    },
    {
        "Email": "cantikfelisa92@gmail.com ",
        "Password": "verdiansyah30"
    },
    {
        "Email": "gaweyt95@gmail.com",
        "Password": "verdiansyah30"
    }
]