[
    {
        "Email": "jisoa@e-record.com",
        "Password": "oiv0homz"
    },
    {
        "Email": "leefa@e-record.com",
        "Password": "tujwnys4"
    },
    {
        "Email": "cmyrf@e-record.com",
        "Password": "ocujxxtg"
    },
    {
        "Email": "f3on4@e-record.com",
        "Password": "iygzpz4k"
    },
    {
        "Email": "kyn59@e-record.com",
        "Password": "9h96oyku"
    },
    {
        "Email": "a0vy6@e-record.com",
        "Password": "vp64qn3i"
    },
    {
        "Email": "eimd4@e-record.com",
        "Password": "bt7if86f"
    },
    {
        "Email": "sig2e@e-record.com",
        "Password": "khoffh3s"
    },
    {
        "Email": "edfea@e-record.com",
        "Password": "ff9seod0"
    },
    {
        "Email": "h46na@e-record.com",
        "Password": "6solx1w2"
    },
    {
        "Email": "indda@e-record.com",
        "Password": "o6sitgbk"
    },
    {
        "Email": "2195x@e-record.com",
        "Password": "yv8phobv"
    },
    {
        "Email": "kwd8w@e-record.com",
        "Password": "5l506b9v"
    },
    {
        "Email": "x83kl@e-record.com",
        "Password": "u0dyxy83"
    },
    {
        "Email": "tel1h@e-record.com",
        "Password": "lpju3pcy"
    },
    {
        "Email": "0jk7f@e-record.com",
        "Password": "ref9yk60"
    },
    {
        "Email": "v7ft6@e-record.com",
        "Password": "7wjvjekw"
    },
    {
        "Email": "6hq7u@e-record.com",
        "Password": "cegwj4nd"
    },
    {
        "Email": "lhjp8@e-record.com",
        "Password": "jyx1xfke"
    },
    {
        "Email": "l86op@e-record.com",
        "Password": "ftqbeal1"
    },
    {
        "Email": "4zd8e@e-record.com",
        "Password": "ae89gygq"
    },
    {
        "Email": "3h57n@e-record.com",
        "Password": "n5sjk25q"
    },
    {
        "Email": "vkhj1@e-record.com",
        "Password": "97nzj7w4"
    },
    {
        "Email": "ftap0@e-record.com",
        "Password": "cqe58e38"
    },
    {
        "Email": "wwdx6@e-record.com",
        "Password": "3q06hwai"
    },
    {
        "Email": "tm1th@e-record.com",
        "Password": "8r3jjge6"
    },
    {
        "Email": "lznix@e-record.com",
        "Password": "kctcxese"
    },
    {
        "Email": "gasvu@e-record.com",
        "Password": "lpbt85fa"
    },
    {
        "Email": "12jdk@e-record.com",
        "Password": "xwm3c67b"
    },
    {
        "Email": "h90ss@e-record.com",
        "Password": "2rucp8yl"
    },
    {
        "Email": "mi4k8@e-record.com",
        "Password": "9v7slm14"
    },
    {
        "Email": "1jop5@e-record.com",
        "Password": "92vu3lm5"
    },
    {
        "Email": "mw5vo@e-record.com",
        "Password": "53mamv0t"
    },
    {
        "Email": "6w0j5@e-record.com",
        "Password": "tgjeze1m"
    },
    {
        "Email": "0lj5q@e-record.com",
        "Password": "axs7zit7"
    },
    {
        "Email": "mp9at@e-record.com",
        "Password": "70iuh0e9"
    },
    {
        "Email": "ywq6d@e-record.com",
        "Password": "pcwckdg7"
    },
    {
        "Email": "ytr1t@e-record.com",
        "Password": "8fptsl7m"
    },
    {
        "Email": "q28mx@e-record.com",
        "Password": "kyvf0e4l"
    },
    {
        "Email": "65sw1@e-record.com",
        "Password": "0ycz7ua7"
    },
    {
        "Email": "f27xk@e-record.com",
        "Password": "aw1l3j8k"
    },
    {
        "Email": "ne4ov@e-record.com",
        "Password": "dbn5t0ai"
    },
    {
        "Email": "xr67h@e-record.com",
        "Password": "kpy02tkc"
    },
    {
        "Email": "z6xol@e-record.com",
        "Password": "fdip596g"
    },
    {
        "Email": "9ykej@e-record.com",
        "Password": "nt4lwggl"
    },
    {
        "Email": "wumik@e-record.com",
        "Password": "mzl8rpts"
    },
    {
        "Email": "22g1t@e-record.com",
        "Password": "gt1fjwa9"
    },
    {
        "Email": "hw9te@e-record.com",
        "Password": "g4wwxew5"
    },
    {
        "Email": "1fbsw@e-record.com",
        "Password": "th9fo6s1"
    },
    {
        "Email": "jhj3d@e-record.com",
        "Password": "6l4shn54"
    },
    {
        "Email": "zrrpf@e-record.com",
        "Password": "zrqpfqau"
    },
    {
        "Email": "k33v5@e-record.com",
        "Password": "fta3yplp"
    },
    {
        "Email": "qrswa@e-record.com",
        "Password": "1458j0yv"
    },
    {
        "Email": "c97k8@e-record.com",
        "Password": "2tf1tm11"
    },
    {
        "Email": "dhfmr@e-record.com",
        "Password": "eypqdfr9"
    },
    {
        "Email": "bxsop@e-record.com",
        "Password": "olu6angg"
    },
    {
        "Email": "57cw4@e-record.com",
        "Password": "g65mxxa3"
    },
    {
        "Email": "shpap@e-record.com",
        "Password": "p26t8nr9"
    },
    {
        "Email": "ji5ag@e-record.com",
        "Password": "i2514g2a"
    },
    {
        "Email": "p3v2l@e-record.com",
        "Password": "r5v54o0w"
    },
    {
        "Email": "w0fay@e-record.com",
        "Password": "68l72dyp"
    },
    {
        "Email": "jmj5z@e-record.com",
        "Password": "icc2zw8d"
    },
    {
        "Email": "rhqm3@e-record.com",
        "Password": "twycliwq"
    },
    {
        "Email": "r7jxo@e-record.com",
        "Password": "7xc7sqfx"
    },
    {
        "Email": "fu3ab@e-record.com",
        "Password": "1cq4sgni"
    },
    {
        "Email": "hetmw@e-record.com",
        "Password": "mxwxr3tc"
    },
    {
        "Email": "schlq@e-record.com",
        "Password": "8xz60knr"
    },
    {
        "Email": "vn9sd@e-record.com",
        "Password": "5l26bs1c"
    },
    {
        "Email": "n645t@e-record.com",
        "Password": "79lxiewd"
    },
    {
        "Email": "lx0ej@e-record.com",
        "Password": "sxxfvns9"
    },
    {
        "Email": "6b3n9@e-record.com",
        "Password": "689vj3uj"
    },
    {
        "Email": "xl9h6@e-record.com",
        "Password": "rtthwt83"
    },
    {
        "Email": "wuj9r@e-record.com",
        "Password": "o8d8qytg"
    },
    {
        "Email": "v3xar@e-record.com",
        "Password": "phe327dy"
    },
    {
        "Email": "vs9y9@e-record.com",
        "Password": "etwmnyb4"
    },
    {
        "Email": "tsfhs@e-record.com",
        "Password": "8xbrsoew"
    },
    {
        "Email": "dhrnb@e-record.com",
        "Password": "f17hxs6i"
    },
    {
        "Email": "cj7bh@e-record.com",
        "Password": "48iho5al"
    },
    {
        "Email": "746rr@e-record.com",
        "Password": "tqkow5el"
    },
    {
        "Email": "xe4ro@e-record.com",
        "Password": "utkry3m6"
    },
    {
        "Email": "z82hd@e-record.com",
        "Password": "5pqirdh3"
    },
    {
        "Email": "99s48@e-record.com",
        "Password": "t8kcolbs"
    },
    {
        "Email": "y1zk7@e-record.com",
        "Password": "tzvz5p6e"
    },
    {
        "Email": "0brh8@e-record.com",
        "Password": "51iewhu2"
    },
    {
        "Email": "07w14@e-record.com",
        "Password": "spzvokja"
    },
    {
        "Email": "w236d@e-record.com",
        "Password": "ynxu30p0"
    },
    {
        "Email": "dxu68@e-record.com",
        "Password": "ut2b81d7"
    },
    {
        "Email": "yi885@e-record.com",
        "Password": "5h09t8k9"
    },
    {
        "Email": "7v1pa@e-record.com",
        "Password": "surybgny"
    },
    {
        "Email": "m7ggw@e-record.com",
        "Password": "z30mr6yk"
    },
    {
        "Email": "8qes0@e-record.com",
        "Password": "t4hgnqvf"
    },
    {
        "Email": "fnjg0@e-record.com",
        "Password": "xkbua1rk"
    },
    {
        "Email": "r67n9@e-record.com",
        "Password": "9h16dg9u"
    },
    {
        "Email": "in2dd@e-record.com",
        "Password": "gmhrordn"
    },
    {
        "Email": "nuiih@e-record.com",
        "Password": "cw2k9d63"
    },
    {
        "Email": "ifq9z@e-record.com",
        "Password": "eacb4gjg"
    },
    {
        "Email": "0aer5@e-record.com",
        "Password": "6ysg7jjc"
    },
    {
        "Email": "rvkt8@e-record.com",
        "Password": "hren7ik8"
    },
    {
        "Email": "t1ero@e-record.com",
        "Password": "xm8u9vk0"
    },
    {
        "Email": "g92h4@e-record.com",
        "Password": "16xcyu4l"
    },
    {
        "Email": "zc8nq@e-record.com",
        "Password": "i5fgldrl"
    },
    {
        "Email": "gxgmj@e-record.com",
        "Password": "biax0z3j"
    },
    {
        "Email": "xkox0@e-record.com",
        "Password": "6cg5qctv"
    },
    {
        "Email": "o383g@e-record.com",
        "Password": "hv080ww6"
    },
    {
        "Email": "168xi@e-record.com",
        "Password": "7t64j5ne"
    },
    {
        "Email": "46f06@e-record.com",
        "Password": "qf34k4it"
    },
    {
        "Email": "7yhu7@e-record.com",
        "Password": "cjd2hhnr"
    },
    {
        "Email": "3wt1p@e-record.com",
        "Password": "essviyti"
    },
    {
        "Email": "ou0xm@e-record.com",
        "Password": "m064cbxm"
    },
    {
        "Email": "g2zpa@e-record.com",
        "Password": "yehtpx8l"
    },
    {
        "Email": "iz7l1@e-record.com",
        "Password": "awfzvdqv"
    },
    {
        "Email": "y3p3j@e-record.com",
        "Password": "5ynbreg2"
    },
    {
        "Email": "yfvof@e-record.com",
        "Password": "ke8gm431"
    },
    {
        "Email": "xoaql@e-record.com",
        "Password": "es1qc4k7"
    },
    {
        "Email": "cqoqn@e-record.com",
        "Password": "2qf8qfuj"
    },
    {
        "Email": "wycjp@e-record.com",
        "Password": "0ggmet79"
    },
    {
        "Email": "0dh6v@e-record.com",
        "Password": "bjld12y4"
    },
    {
        "Email": "zvr9t@e-record.com",
        "Password": "9iomsck3"
    },
    {
        "Email": "uuje1@e-record.com",
        "Password": "f0ld34u7"
    },
    {
        "Email": "gw6x1@e-record.com",
        "Password": "sdgv04s8"
    },
    {
        "Email": "qk37l@e-record.com",
        "Password": "gyu4n6y6"
    },
    {
        "Email": "ca7rh@e-record.com",
        "Password": "ltdsofvt"
    },
    {
        "Email": "e7bwx@e-record.com",
        "Password": "ijm8vt51"
    },
    {
        "Email": "dlxja@e-record.com",
        "Password": "cuawei7m"
    },
    {
        "Email": "pbiws@e-record.com",
        "Password": "rptgahxx"
    },
    {
        "Email": "094h2@e-record.com",
        "Password": "8vxx6jzu"
    },
    {
        "Email": "fhgkb@e-record.com",
        "Password": "avfslb86"
    },
    {
        "Email": "q8who@e-record.com",
        "Password": "83htkc83"
    },
    {
        "Email": "p533j@e-record.com",
        "Password": "scsjtvod"
    },
    {
        "Email": "p6f74@e-record.com",
        "Password": "evdpedcj"
    }
]